Power;Power Source
Max power consumption without attachments;MaxUsage wout attachment
Number of 25G SFP28 ports;25G SFP28 ports
Number of 100G QSFP28 ports;100G QSFP28 ports
Max out per port output (input 18-30 V);MaxOut/port (18-30v)
Wireless 5 GHz Max data rate;Wifi 5GHz Max Data rate
Wireless 5 GHz number of chains;Wifi 5GHz chains
Wireless 2.4 GHz Max data rate;Wifi 2.4GHz Max Data rate
Wireless 2.4 GHz number of chains;Wifi 2.4GHz chains
Max out per port output (input 30-57 V);MaxOut/port (30-57v)
Wireless 2.4 GHz/5 GHz Max data rate;Max Data Rate 2.4/5GHZ
Wireless 2.4 GHz/5 GHz number of chains;Wifi Chains 2.4/5GHz
Wireless 2.4 GHz/5 GHz standards;Wifi standards 2.4/GHz
Antenna gain dBi for 2.4 GHz/5 GHz;AntGain dBi 2.4/5GHz
Wireless 2.4 GHz/5 GHz chip model;Wifi Chip Model 2.4/5GHz
Wireless 2.4 GHz/5 GHz generation;Wifi Gen 2.4/5GHz
Number of Combo 10G Ethernet/ SFP+ ports;Combo 10G SFP+ Ports
Number of 1G Ethernet ports;1G Ethernet Ports
10/100/1000 Ethernet ports;1G Ethernet Ports
Number of 1G Ethernet ports with PoE-out;1G PoE-out Ports
Number of 1G Ethernet ports with Reverse PoE (PoE-in);1G PoE-in Ports
Power Supply;Power Source
Output Power Options;Power Output
Type;Product Type
Antenna gain dBi for Wireless 2;Antenna gain - Wireless 2
Antenna gain dBi for Wireless 3;Antenna gain - Wireless 3
Max power consumption without attachments;Max Power Consumed - base